date,symbol,name,Close,market_regime,final_score,fundamental_rank,fundamental_score,technical_score,stable_ensemble_score,rs20_rank_pct,rs60_rank_pct,ret5,ret20,ret60,rsi14,volume_ratio,ma20_deviation
2026-07-17,2059.TW,川湖,7890.0,bull,91.49223136851036,1.0,100.0,88.65630849134715,0.1424105524985557,0.0462962962962962,0.0139017608897126,-0.0436363636363635,0.1493080844865257,1.0050825921219824,60.89385474860335,1.5846533159932614,0.0076628352490422
2026-07-17,7610.TW,聯友金屬-創,2410.0,bull,84.64606968044603,12.0,96.94016846060627,80.54803675372595,0.2103989942928133,0.1324074074074074,0.0009267840593141,0.0916223829830338,0.0410367170626349,2.5970149253731343,75.59191472958048,1.937561190578167,0.0882772619869889
2026-07-17,2423.TW,固緯,77.69999694824219,bull,83.85009223151391,15.0,96.18369172987968,79.73889239872531,0.6191673875397882,0.15,0.088044485634847,-0.0250941038466891,0.0322580448984826,0.3345499087142585,58.99053232962261,1.8738648634538924,0.0114594430922456
2026-07-17,2645.TW,長榮航太,216.5,bull,82.76651752475861,102.0,76.79149551810622,84.75819152697608,0.8554083793488667,0.0203703703703703,0.0936051899907321,-0.0787234042553191,0.2735294117647058,0.3081570996978853,63.37040871112831,1.193237705477321,0.0447948675882445
2026-07-17,2527.TW,宏璟,48.09999847412109,bull,82.49399194550757,75.0,82.24426248497689,82.5772350990178,0.8125528210814131,0.0268518518518518,0.0778498609823911,0.1291079858451445,0.2085426983961305,0.3802008774789238,69.70386653878018,2.353451352229681,0.1398103955337126
2026-07-17,2395.TW,研華,513.0,bull,81.28087087409888,49.0,87.43653384699755,79.22898321646599,0.4586184731822069,0.1361111111111111,0.0602409638554216,-0.0295686835685443,0.0384615384615385,0.4210526315789473,62.55834868858342,0.9248420040091822,0.0185980702686638
2026-07-17,6525.TW,捷敏-KY,172.5,bull,81.13529182170592,101.0,76.8341855135769,82.56899392441561,0.4824876921410451,0.0277777777777777,0.0194624652455977,-0.1353383458646616,0.2062937062937062,0.867559728463619,60.0,0.8100059804816997,-0.0234927823379564
2026-07-17,6446.TW,藥華藥,1195.0,bull,80.61592920916902,13.0,96.8555062833974,75.2027368510929,0.3483272126854929,0.0592592592592592,0.0203892493049119,-0.0700389105058365,0.1273584905660376,0.8469860896445132,53.908235686749485,1.044398078479286,-0.0287619050255275
2026-07-17,1303.TW,南亞,199.0,bull,80.40955970784684,501.0,40.56631725411971,93.69064052575588,0.2022283209728021,0.0111111111111111,0.0074142724745134,0.0964187327823691,0.4316546762589928,1.225950745005243,64.44513425252697,1.534990332843514,0.1029480581340995
2026-07-17,5434.TW,崇越,562.0,bull,80.18090713083966,203.0,65.82773904429318,84.96529649302181,0.6289866508964495,0.0333333333333333,0.0954587581093605,0.1314308850332028,0.1819137749737118,0.3009259259259258,55.01891121783235,1.4544200732376766,0.0745270284542043
2026-07-17,2248.TW,華勝-KY,62.5,bull,79.57648868606867,69.0,82.72406063393525,78.52729803677981,0.9064841800437442,0.0666666666666666,0.2465245597775718,0.1181779813939114,0.1101243489690526,0.0869565217391303,77.76243217756377,1.8656673266695327,0.1068516770415826
2026-07-17,5515.TW,建國,41.59999847412109,bull,78.49739036292365,104.0,76.63848749386133,79.1170246526111,0.8125998047365746,0.0888888888888888,0.1955514365152919,0.009708682130449,0.0759289727578147,0.1227085125766382,60.57688357571262,0.6714705068849773,0.0257112791097524
2026-07-17,4169.TW,泰宗,252.0,bull,75.9943271808498,628.0,33.16561136372463,90.27056578655818,0.1688342119740141,0.0092592592592592,0.0509731232622798,-0.0666666666666666,0.5,0.4651162790697674,62.35632183908046,0.6549931945884152,0.0999563509384549
2026-07-17,1810.TW,和成,27.14999961853028,bull,75.23871497519842,408.0,46.52348272920723,84.81045905719549,0.2735495866252636,0.0129629629629629,0.0500463392029657,0.1383647456720582,0.3643216150240029,0.4660362642244025,70.89336900166418,1.1740607711390216,0.156795889658021
2026-07-17,8028.TW,昇陽半導體,315.0,bull,75.0822062406291,103.0,76.71005758993898,74.53958912419247,0.7445183418447516,0.2212962962962963,0.0759962928637627,0.008,0.0112359550561798,0.3818472302630904,56.41646489104116,1.8986494098179436,0.007919366450684
2026-07-17,3413.TW,京鼎,371.0,bull,74.88184416324155,292.0,56.561036132141794,80.98878017360813,0.4320393152321176,0.0509259259259259,0.1603336422613531,0.1091180866965619,0.1432973805855162,0.1611016328583869,75.44642857142857,2.00013193819055,0.1183119819140918
2026-07-17,1709.TW,和益,26.049999237060547,bull,74.26290672457696,330.0,52.52750676874495,81.50804004318763,0.7741208330044467,0.025,0.0787766450417052,0.0676229362428841,0.2258823170381434,0.3783068657588826,72.51184996921123,1.1963002518821242,0.0910994488425507
2026-07-17,8150.TW,南茂,110.5,bull,73.48276523417917,456.0,43.57847362995483,83.45086243558728,0.4861576760809146,0.0879629629629629,0.0685820203892493,-0.0555555555555555,0.0760750641813283,0.4024035605579033,60.526315789473685,1.1300516560554228,0.0269622458786309
2026-07-17,2480.TW,敦陽科,156.5,bull,73.35477801294468,141.0,72.57043193555015,73.61622670540953,0.8056877799367299,0.1935185185185185,0.1529193697868396,-0.0249221183800623,0.019543973941368,0.1723071549207167,59.42028985507247,0.6928340361623719,-0.0054019701302827
2026-07-17,3004.TW,豐達科,141.5,bull,72.96493960098346,270.0,59.60481555561746,77.41831428277212,0.6168409327602908,0.1083333333333333,0.1288229842446709,-0.0781758957654723,0.0520446096654274,0.2198275862068965,60.0,0.7129552958722268,-0.0087565674255691
2026-07-17,1326.TW,台化,66.0999984741211,bull,72.68859970946718,685.0,29.94873186889634,86.9352223229908,0.1372933339720201,0.0231481481481481,0.0889712696941612,0.1016666412353515,0.2334949735400771,0.3212535185009384,63.99999351501588,1.221951537669102,0.076052141884106
2026-07-17,8046.TW,南電,1150.0,bull,72.1660254496922,249.0,61.16068715346135,75.83447154843581,0.074324862732208,0.0175925925925925,0.0574606116774791,-0.0534979423868312,0.3185508621043782,0.4351350797586284,53.53535353535354,0.8591986301270851,0.0131137949464261
2026-07-17,2850.TW,新產,145.0,bull,71.6430695420093,341.0,51.89726928896828,78.22500295968965,0.3025807977767006,0.1861111111111111,0.118628359592215,0.0104529616724737,0.0211267605633802,0.23474158181385,60.41666666666666,1.2107188252034504,0.007994438651373
2026-07-17,1733.TW,五鼎,31.14999961853028,bull,70.97986280045654,137.0,72.99324516078546,70.30873534701357,0.6387358707523573,0.0981481481481481,0.2252085264133456,0.0280528185766446,0.0631399464041531,0.1020612298414065,70.51282740987412,1.0904555589618954,0.0375551595253103
2026-07-17,3005.TW,神基,110.0,bull,70.88726415286145,256.0,60.64311592085046,74.30198023019845,0.6196475293130398,0.0814814814814814,0.2604263206672845,-0.0178571428571429,0.083743842364532,0.0784313725490195,65.33333333333334,1.023962241777163,0.0344665458959616
2026-07-17,6491.TW,晶碩,335.0,bull,70.885654911764,52.0,86.74813401220891,65.59816187828235,0.7190823062862373,0.1805555555555555,0.1594068582020389,-0.1066666666666666,0.0229007633587785,0.1652173913043477,51.73913043478261,0.7992111763244325,-0.0456520190869595
2026-07-17,6949.TW,沛爾生醫-創,1030.0,bull,70.6399650245486,924.0,16.666666666666664,88.63106447717591,0.0688139577017288,0.0564814814814814,0.1380908248378128,0.1135135135135134,0.1306256860592756,0.197674418604651,66.53992395437263,1.591990072357566,0.1210884353741497
2026-07-17,8462.TW,柏文,156.5,bull,70.44381178916598,269.0,59.6562061392525,74.03968033913713,0.872583079113453,0.0601851851851851,0.1733086190917516,-0.0157232704402515,0.1258992805755396,0.1444458404812028,70.4225352112676,1.1426129527200652,0.0478741211918312
2026-07-17,1515.TW,力山,40.95000076293945,bull,70.3930794996536,873.0,19.09740408546057,87.49163797105126,0.2966617163786301,0.0064814814814814,0.0222428174235403,0.0199252604397761,0.5810811338252522,0.8106367093252422,66.78445501177166,0.6188347640780867,0.1160319010366326
2026-07-17,2887.TW,台新新光金,35.54999923706055,bull,69.8282955706695,561.0,37.907562917661295,80.4685397883389,0.0381817313357085,0.0731481481481481,0.0444856348470806,-0.0352781354380109,0.0955315377884842,0.4843423008182566,67.58621088815147,1.337959327191187,0.0393217137037584
