date,symbol,name,Close,market_regime,fundamental_rank_score,fundamental_rank,fundamental_score,final_score,technical_score,stable_ensemble_score,rs20_rank_pct,rs60_rank_pct,ret5,ret20,ret60,rsi14,volume_ratio,ma20_deviation
2026-07-17,2059.TW,川湖,7890.0,bull,-1.0,1.0,100.0,91.49223136851036,88.65630849134715,0.1424105524985557,0.0462962962962962,0.0139017608897126,-0.0436363636363635,0.1493080844865257,1.0050825921219824,60.89385474860335,1.5846533159932614,0.0076628352490422
2026-07-17,7610.TW,聯友金屬-創,2410.0,bull,-12.0,12.0,96.94016846060627,84.64606968044603,80.54803675372595,0.2103989942928133,0.1324074074074074,0.0009267840593141,0.0916223829830338,0.0410367170626349,2.5970149253731343,75.59191472958048,1.937561190578167,0.0882772619869889
2026-07-17,6446.TW,藥華藥,1195.0,bull,-13.0,13.0,96.8555062833974,80.61592920916902,75.2027368510929,0.3483272126854929,0.0592592592592592,0.0203892493049119,-0.0700389105058365,0.1273584905660376,0.8469860896445132,53.908235686749485,1.044398078479286,-0.0287619050255275
2026-07-17,2423.TW,固緯,77.69999694824219,bull,-15.0,15.0,96.18369172987968,83.85009223151391,79.73889239872531,0.6191673875397882,0.15,0.088044485634847,-0.0250941038466891,0.0322580448984826,0.3345499087142585,58.99053232962261,1.8738648634538924,0.0114594430922456
2026-07-17,2395.TW,研華,513.0,bull,-49.0,49.0,87.43653384699755,81.28087087409888,79.22898321646599,0.4586184731822069,0.1361111111111111,0.0602409638554216,-0.0295686835685443,0.0384615384615385,0.4210526315789473,62.55834868858342,0.9248420040091822,0.0185980702686638
2026-07-17,6491.TW,晶碩,335.0,bull,-52.0,52.0,86.74813401220891,70.885654911764,65.59816187828235,0.7190823062862373,0.1805555555555555,0.1594068582020389,-0.1066666666666666,0.0229007633587785,0.1652173913043477,51.73913043478261,0.7992111763244325,-0.0456520190869595
2026-07-17,2248.TW,華勝-KY,62.5,bull,-69.0,69.0,82.72406063393525,79.57648868606867,78.52729803677981,0.9064841800437442,0.0666666666666666,0.2465245597775718,0.1181779813939114,0.1101243489690526,0.0869565217391303,77.76243217756377,1.8656673266695327,0.1068516770415826
2026-07-17,2527.TW,宏璟,48.09999847412109,bull,-75.0,75.0,82.24426248497689,82.49399194550757,82.5772350990178,0.8125528210814131,0.0268518518518518,0.0778498609823911,0.1291079858451445,0.2085426983961305,0.3802008774789238,69.70386653878018,2.353451352229681,0.1398103955337126
2026-07-17,6525.TW,捷敏-KY,172.5,bull,-101.0,101.0,76.8341855135769,81.13529182170592,82.56899392441561,0.4824876921410451,0.0277777777777777,0.0194624652455977,-0.1353383458646616,0.2062937062937062,0.867559728463619,60.0,0.8100059804816997,-0.0234927823379564
2026-07-17,2645.TW,長榮航太,216.5,bull,-102.0,102.0,76.79149551810622,82.76651752475861,84.75819152697608,0.8554083793488667,0.0203703703703703,0.0936051899907321,-0.0787234042553191,0.2735294117647058,0.3081570996978853,63.37040871112831,1.193237705477321,0.0447948675882445
2026-07-17,8028.TW,昇陽半導體,315.0,bull,-103.0,103.0,76.71005758993898,75.0822062406291,74.53958912419247,0.7445183418447516,0.2212962962962963,0.0759962928637627,0.008,0.0112359550561798,0.3818472302630904,56.41646489104116,1.8986494098179436,0.007919366450684
2026-07-17,5515.TW,建國,41.59999847412109,bull,-104.0,104.0,76.63848749386133,78.49739036292365,79.1170246526111,0.8125998047365746,0.0888888888888888,0.1955514365152919,0.009708682130449,0.0759289727578147,0.1227085125766382,60.57688357571262,0.6714705068849773,0.0257112791097524
2026-07-17,1733.TW,五鼎,31.14999961853028,bull,-137.0,137.0,72.99324516078546,70.97986280045654,70.30873534701357,0.6387358707523573,0.0981481481481481,0.2252085264133456,0.0280528185766446,0.0631399464041531,0.1020612298414065,70.51282740987412,1.0904555589618954,0.0375551595253103
2026-07-17,2480.TW,敦陽科,156.5,bull,-141.0,141.0,72.57043193555015,73.35477801294468,73.61622670540953,0.8056877799367299,0.1935185185185185,0.1529193697868396,-0.0249221183800623,0.019543973941368,0.1723071549207167,59.42028985507247,0.6928340361623719,-0.0054019701302827
2026-07-17,1256.TW,鮮活果汁-KY,185.0,bull,-169.0,169.0,69.59406160604887,69.78713758967962,69.85149625088987,0.8085797762948566,0.1953703703703703,0.1862835959221501,-0.0632911392405063,0.0192837465564739,0.1314984709480122,65.21094812583637,0.69984316035369,0.0005823421318083
2026-07-17,4916.TW,事欣科,102.0,bull,-182.0,182.0,67.75200750418804,66.45476920540506,66.02235643914406,0.1752695248694781,0.35,0.0491195551436515,-0.0555555555555555,-0.0144927536231883,0.4676258992805755,54.47531078596182,0.7029474011758994,-0.0482411095413476
2026-07-17,2851.TW,中再保,36.0,bull,-201.0,201.0,65.92494981784269,66.39648939901676,66.55366925940812,0.5601519734499746,0.3675925925925926,0.1093605189990732,-0.048877108288022,-0.018818113198131,0.2670891915653277,56.78391401094646,0.7492325240393165,-0.0303648175334898
2026-07-17,5434.TW,崇越,562.0,bull,-203.0,203.0,65.82773904429318,80.18090713083966,84.96529649302181,0.6289866508964495,0.0333333333333333,0.0954587581093605,0.1314308850332028,0.1819137749737118,0.3009259259259258,55.01891121783235,1.4544200732376766,0.0745270284542043
2026-07-17,4536.TW,拓凱,165.5,bull,-213.0,213.0,64.73287402560862,58.17563359220023,55.9898867810641,0.4283924725150048,0.2092592592592592,0.2882298424467099,0.0123772553453773,0.0153374233128833,0.0643086816720257,50.0,1.5175854536628242,0.0019223820738332
2026-07-17,6606.TW,建德工業,25.89999961853028,bull,-226.0,226.0,63.7605672758917,66.60039909644834,67.54700970330055,0.6244502280968534,0.1435185185185185,0.2307692307692307,0.0339321519903357,0.0359999847412111,0.0966255430509865,73.999958801301,2.2293426531658485,0.0314615523370425
2026-07-17,6409.TW,旭隼,967.0,bull,-235.0,235.0,62.88856390334461,66.53568360790288,67.75139017608898,0.8418638465651492,0.125,0.1399443929564411,-0.1248868778280543,0.0442764578833694,0.1938271604938271,45.8786936236392,0.638817026713491,-0.0982421783932484
2026-07-17,2637.TW,慧洋-KY,79.4000015258789,bull,-238.0,238.0,62.80204855376821,67.5163430451038,69.08777454221566,0.3495650302226427,0.1675925925925926,0.2335495829471733,-0.0433734755918203,0.0258397927722429,0.0948606616894391,67.00002059938095,0.7371576104599489,0.0194517773824858
2026-07-17,1708.TW,東鹼,52.5,bull,-246.0,246.0,61.66803457963997,67.50955189483277,69.45672433323035,0.8103175056189119,0.1268518518518518,0.0695088044485634,-0.107142845557892,0.0437375903838685,0.3992212789289324,46.92982162611823,0.6628880581184209,-0.056646151817329
2026-07-17,8046.TW,南電,1150.0,bull,-249.0,249.0,61.16068715346135,72.1660254496922,75.83447154843581,0.074324862732208,0.0175925925925925,0.0574606116774791,-0.0534979423868312,0.3185508621043782,0.4351350797586284,53.53535353535354,0.8591986301270851,0.0131137949464261
2026-07-17,3005.TW,神基,110.0,bull,-256.0,256.0,60.64311592085046,70.88726415286145,74.30198023019845,0.6196475293130398,0.0814814814814814,0.2604263206672845,-0.0178571428571429,0.083743842364532,0.0784313725490195,65.33333333333334,1.023962241777163,0.0344665458959616
2026-07-17,2377.TW,微星,141.5,bull,-263.0,263.0,60.05362798212559,67.11676104131942,69.47113872771737,0.5715493474432631,0.1833333333333333,0.0546802594995366,-0.0241379310344828,0.0216606498194946,0.4512820512820512,53.16455696202532,0.988971963707802,0.0005303164221317
2026-07-17,8462.TW,柏文,156.5,bull,-269.0,269.0,59.6562061392525,70.44381178916598,74.03968033913713,0.872583079113453,0.0601851851851851,0.1733086190917516,-0.0157232704402515,0.1258992805755396,0.1444458404812028,70.4225352112676,1.1426129527200652,0.0478741211918312
2026-07-17,3004.TW,豐達科,141.5,bull,-270.0,270.0,59.60481555561746,72.96493960098346,77.41831428277212,0.6168409327602908,0.1083333333333333,0.1288229842446709,-0.0781758957654723,0.0520446096654274,0.2198275862068965,60.0,0.7129552958722268,-0.0087565674255691
2026-07-17,3413.TW,京鼎,371.0,bull,-292.0,292.0,56.561036132141794,74.88184416324155,80.98878017360813,0.4320393152321176,0.0509259259259259,0.1603336422613531,0.1091180866965619,0.1432973805855162,0.1611016328583869,75.44642857142857,2.00013193819055,0.1183119819140918
2026-07-17,4106.TW,雃博,25.0,bull,-294.0,294.0,56.47003550426275,69.2575199817043,73.52001480751815,0.689507682898861,0.0916666666666666,0.2131603336422613,0.0615711596566674,0.0683760857928685,0.1111111111111111,73.91304588197755,1.303105786015036,0.0488776991813926
